topo,mode,seed,run_dir,result,returncode,seconds
"2,3",beb,0,results/multi-ap-20261009-104658,PASS,0,200
"2,3",global,0,results/multi-ap-20261009-105003,PASS,0,456
"2,3",independent,0,results/multi-ap-20261009-105805,PASS,0,1521
"2,3",beb,1,results/multi-ap-20261009-112400,PASS,0,336
"2,3",global,1,results/multi-ap-20261009-112847,PASS,0,1087
"2,3",independent,1,results/multi-ap-20261009-115038,PASS,0,1593
"2,3",beb,2,results/multi-ap-20261009-121407,PASS,0,289
"2,3",global,2,results/multi-ap-20261009-121818,PASS,0,325
"2,3",independent,2,results/multi-ap-20261009-122356,PASS,0,493
"5,15",beb,0,results/multi-ap-20261009-123223,PASS,0,487
"5,15",global,0,results/multi-ap-20261009-124005,PASS,0,647
"5,15",independent,0,results/multi-ap-20261009-125113,PASS,0,794
"5,15",beb,1,results/multi-ap-20261009-130436,PASS,0,492
"5,15",global,1,results/multi-ap-20261009-131220,PASS,0,581
"5,15",independent,1,results/multi-ap-20261009-132217,PASS,0,764
"5,15",beb,2,results/multi-ap-20261009-133533,PASS,0,604
"5,15",global,2,results/multi-ap-20261009-134456,PASS,0,1921
"5,15",independent,2,results/multi-ap-20261009-141730,PASS,0,1079
